web	slug	dart	uses	renamed
AlertCircle	circle-alert	LucideIcons.circleAlert	8	true
AlertTriangle	triangle-alert	LucideIcons.triangleAlert	7	true
ArrowDownLeft	arrow-down-left	LucideIcons.arrowDownLeft	4	false
ArrowDownRight	arrow-down-right	LucideIcons.arrowDownRight	1	false
ArrowLeftRight	arrow-left-right	LucideIcons.arrowLeftRight	3	false
ArrowRight	arrow-right	LucideIcons.arrowRight	2	false
ArrowRightLeft	arrow-right-left	LucideIcons.arrowRightLeft	1	false
ArrowUpRight	arrow-up-right	LucideIcons.arrowUpRight	7	false
BarChart3	chart-column	LucideIcons.chartColumn	1	true
Bell	bell	LucideIcons.bell	3	false
Briefcase	briefcase	LucideIcons.briefcase	1	false
Calendar	calendar	LucideIcons.calendar	9	false
CalendarDays	calendar-days	LucideIcons.calendarDays	1	false
Camera	camera	LucideIcons.camera	1	false
Car	car	LucideIcons.car	1	false
Check	check	LucideIcons.check	5	false
CheckCircle	circle-check-big	LucideIcons.circleCheckBig	1	true
CheckCircle2	circle-check	LucideIcons.circleCheck	5	true
CheckSquare	square-check-big	LucideIcons.squareCheckBig	3	true
ChevronDown	chevron-down	LucideIcons.chevronDown	8	false
ChevronLeft	chevron-left	LucideIcons.chevronLeft	1	false
ChevronRight	chevron-right	LucideIcons.chevronRight	3	false
ChevronUp	chevron-up	LucideIcons.chevronUp	5	false
ChevronsLeft	chevrons-left	LucideIcons.chevronsLeft	1	false
ChevronsRight	chevrons-right	LucideIcons.chevronsRight	1	false
CircleDot	circle-dot	LucideIcons.circleDot	1	false
ClipboardCopy	clipboard-copy	LucideIcons.clipboardCopy	1	false
Clock	clock	LucideIcons.clock	5	false
Cloud	cloud	LucideIcons.cloud	1	false
CloudOff	cloud-off	LucideIcons.cloudOff	1	false
Coins	coins	LucideIcons.coins	3	false
Copy	copy	LucideIcons.copy	1	false
CornerDownRight	corner-down-right	LucideIcons.cornerDownRight	3	false
CreditCard	credit-card	LucideIcons.creditCard	5	false
Database	database	LucideIcons.database	1	false
DollarSign	dollar-sign	LucideIcons.dollarSign	1	false
Edit	square-pen	LucideIcons.squarePen	2	true
Edit2	pen	LucideIcons.pen	3	true
Edit3	pen-line	LucideIcons.penLine	1	true
Eye	eye	LucideIcons.eye	3	false
EyeOff	eye-off	LucideIcons.eyeOff	2	false
FileDown	file-down	LucideIcons.fileDown	2	false
FileText	file-text	LucideIcons.fileText	4	false
Fingerprint	fingerprint	LucideIcons.fingerprint	2	false
Gift	gift	LucideIcons.gift	1	false
GraduationCap	graduation-cap	LucideIcons.graduationCap	1	false
Heart	heart	LucideIcons.heart	1	false
HelpCircle	circle-question-mark	LucideIcons.circleQuestionMark	1	true
History	history	LucideIcons.history	1	false
Home	house	LucideIcons.house	1	true
Image	image	LucideIcons.image	1	false
Info	info	LucideIcons.info	4	false
Key	key	LucideIcons.key	1	false
KeyRound	key-round	LucideIcons.keyRound	4	false
Landmark	landmark	LucideIcons.landmark	2	false
LayoutDashboard	layout-dashboard	LucideIcons.layoutDashboard	2	false
Loader2	loader-circle	LucideIcons.loaderCircle	2	true
Lock	lock	LucideIcons.lock	5	false
LogOut	log-out	LucideIcons.logOut	3	false
Mail	mail	LucideIcons.mail	2	false
Menu	menu	LucideIcons.menu	1	false
MinusCircle	circle-minus	LucideIcons.circleMinus	2	true
Moon	moon	LucideIcons.moon	2	false
MoreHorizontal	ellipsis	LucideIcons.ellipsis	1	true
PartyPopper	party-popper	LucideIcons.partyPopper	1	false
Pause	pause	LucideIcons.pause	1	false
Percent	percent	LucideIcons.percent	1	false
PieChart	chart-pie	LucideIcons.chartPie	2	true
PiggyBank	piggy-bank	LucideIcons.piggyBank	2	false
Plane	plane	LucideIcons.plane	2	false
Play	play	LucideIcons.play	1	false
Plus	plus	LucideIcons.plus	13	false
PlusCircle	circle-plus	LucideIcons.circlePlus	3	true
Printer	printer	LucideIcons.printer	1	false
Receipt	receipt	LucideIcons.receipt	2	false
RefreshCw	refresh-cw	LucideIcons.refreshCw	5	false
Repeat	repeat	LucideIcons.repeat	1	false
Save	save	LucideIcons.save	2	false
Search	search	LucideIcons.search	3	false
Send	send	LucideIcons.send	2	false
Settings	settings	LucideIcons.settings	3	false
Shield	shield	LucideIcons.shield	1	false
ShieldAlert	shield-alert	LucideIcons.shieldAlert	2	false
ShieldCheck	shield-check	LucideIcons.shieldCheck	4	false
ShoppingCart	shopping-cart	LucideIcons.shoppingCart	1	false
Smartphone	smartphone	LucideIcons.smartphone	1	false
Snowflake	snowflake	LucideIcons.snowflake	1	false
Sparkles	sparkles	LucideIcons.sparkles	2	false
Sun	sun	LucideIcons.sun	2	false
Target	target	LucideIcons.target	1	false
Train	tram-front	LucideIcons.tramFront	2	true
Trash2	trash-2	LucideIcons.trash2	9	true
TrendingUp	trending-up	LucideIcons.trendingUp	3	false
Unlock	lock-open	LucideIcons.lockOpen	1	true
UploadCloud	cloud-upload	LucideIcons.cloudUpload	1	true
User	user	LucideIcons.user	1	false
Utensils	utensils	LucideIcons.utensils	1	false
Wallet	wallet	LucideIcons.wallet	12	false
X	x	LucideIcons.x	14	false
XCircle	circle-x	LucideIcons.circleX	2	true
Zap	zap	LucideIcons.zap	3	false